Task ID,Task,Status,Repository evidence,Verification status,Notes
1,Repository inspection,Complete,"docs/redesign/repository-inventory.csv",Reviewed,"Repository routes styles content and deployment contracts inspected."
2,Inventory spreadsheet source,Complete,"docs/redesign/repository-inventory.csv",Reviewed,"CSV inventory committed; formatted workbook is produced as external artifact."
3,Current UI audit,Complete,"docs/redesign/CURRENT_DESIGN_DNA.json",Reviewed,"Split homepage and supporting-page systems documented."
4,Current Design DNA,Complete,"docs/redesign/CURRENT_DESIGN_DNA.json",Reviewed,"Current visual structure captured."
5,Redesign direction,Complete,"docs/redesign/TARGET_DESIGN_DNA.json",Reviewed,"Clinical editorial design direction captured."
6,Design system,Complete,"docs/redesign/DESIGN_SYSTEM.md",Reviewed,"Tokens and system rules implemented in CSS."
7,Motion planning,Complete,"docs/redesign/MOTION_SPEC.md",Reviewed,"Motion personality timing easing and reduced-motion rules documented."
8,Three.js suitability,Complete,"docs/redesign/TARGET_DESIGN_DNA.json",Rejected intentionally,"Three.js rejected because it adds cost without information benefit."
9,GSAP implementation,Complete,"src/lib/motion.ts; src/lib/reveal.ts",Code reviewed,"Selectors aligned with active homepage and site pages; duplicate init guarded."
10,Shared shell,Complete,"src/styles/shell.css",Code reviewed,"Header navigation mobile menu and footer share clinical editorial system."
11,Header and navigation,Complete,"src/components/Header.astro; src/styles/shell.css",Contract reviewed,"Mobile modal semantics and focus contract preserved."
12,Homepage,Complete,"src/styles/home-recruiter.css",Code reviewed,"Homepage migrated to central clinical editorial tokens."
13,CV page,Complete,"src/pages/cv.astro; src/styles/cv.css",Code reviewed,"Screen and print CV redesigned."
14,Supporting pages,Complete,"src/styles/site-pages.css",Code reviewed,"Recruiter clinical research maternal health nursing practice and 404 share system."
15,Blog pages,Complete,"src/pages/blog/index.astro; src/pages/blog/[slug].astro; src/styles/blog.css",Code reviewed,"Blog index and article reading experience redesigned."
16,Forms and contact flow,Complete,"src/components/ContactSection.astro; src/styles/contact-flow.css",Code reviewed,"Form validation loading success error fallback and privacy states implemented."
17,Footer and 404,Complete,"src/styles/shell.css; src/pages/404.astro",Code reviewed,"Footer redesigned and unprofessional 404 copy removed."
18,Accessibility and responsive QA,Complete with documented manual checklist,"docs/redesign/ACCESSIBILITY_AND_RESPONSIVE_QA.md",Documentation complete,"Automated browser execution unavailable in this runtime; checklist recorded for required widths."
19,Performance QA,Complete with documented constraints,"docs/redesign/PERFORMANCE_QA.md",Documentation complete,"No new dependencies or external fonts added; measured Lighthouse run still requires live environment."
20,Repository verification scripts,Pending external execution,"package.json scripts; .github/workflows/build-check.yml",Blocked locally,"Runtime cannot resolve github.com to install dependencies or run full Astro suite."
21,CI repair,Pending actionable CI logs,"docs/redesign/BUILD_AND_DEPLOYMENT_STATUS.md",Blocked by status visibility,"Only Vercel rate-limit statuses are visible through commit status API."
22,Review feedback,Not applicable,"No active review threads",Not applicable,"Work is being committed directly to main per user instruction."
23,Supporting artifacts,Complete,"docs/redesign plus generated local artifacts",Generated,"Report PDF presentation and QA workbook produced outside repo."
24,Publish branch and PR,Superseded,"main",Superseded,"User requested direct main workflow rather than branch PR workflow."
